hxb2_codon_start	env_codon_pos	hxb2_codon	hxb2_aa	n_total_seqs	n_used	match_count	match_fraction	change_fraction	aa_entropy
7761	513	GTG	V	10733	10634	8558	0.804777	0.195223	1.020731
7764	514	GGA	G	10733	10244	9628	0.939867	0.060133	0.381254
7767	515	ATA	I	10733	10644	5497	0.516441	0.483559	1.488018
7770	516	GGA	G	10733	10714	10613	0.990573	0.009427	0.094135
7773	517	GCT	A	10733	10699	10381	0.970278	0.029722	0.254509
7776	518	TTG	L	10733	10686	1868	0.174808	0.825192	1.799162
7779	519	TTC	F	10733	10713	8131	0.758984	0.241016	1.045723
7782	520	CTT	L	10733	10714	8296	0.774314	0.225686	0.970445
7785	521	GGG	G	10733	10711	10675	0.996639	0.003361	0.040156
7788	522	TTC	F	10733	10720	10518	0.981157	0.018843	0.166358
7791	523	TTG	L	10733	10695	10684	0.998971	0.001029	0.012967
7794	524	GGA	G	10733	10721	10364	0.966701	0.033299	0.241047
7797	525	GCA	A	10733	10703	9630	0.899748	0.100252	0.625310
7800	526	GCA	A	10733	10714	10693	0.998040	0.001960	0.024330
7803	527	GGA	G	10733	10721	10704	0.998414	0.001586	0.020157
7806	528	AGC	S	10733	10725	10703	0.997949	0.002051	0.025118
7809	529	ACT	T	10733	10720	10656	0.994030	0.005970	0.064190
7812	530	ATG	M	10733	10723	10701	0.997948	0.002052	0.024028
7815	531	GGC	G	10733	10730	10716	0.998695	0.001305	0.016774
7818	532	GCA	A	10733	10713	10656	0.994679	0.005321	0.057658
7821	533	GCC	A	10733	10720	10606	0.989366	0.010634	0.103673
7824	534	TCA	S	10733	10724	10368	0.966803	0.033197	0.220906
7827	535	ATG	M	10733	10688	1557	0.145677	0.854323	1.775976
7830	536	ACG	T	10733	10723	9900	0.923249	0.076751	0.456241
7833	537	CTG	L	10733	10728	10716	0.998881	0.001119	0.015073
7836	538	ACG	T	10733	10730	10675	0.994874	0.005126	0.053553
7839	539	GTA	V	10733	10728	10234	0.953952	0.046048	0.298483
7842	540	CAG	Q	10733	10710	10601	0.989823	0.010177	0.094971
7845	541	GCC	A	10733	10724	10219	0.952909	0.047091	0.332259
7848	542	AGA	R	10733	10714	10554	0.985066	0.014934	0.142921
7851	543	CAA	Q	10733	10723	9252	0.862818	0.137182	0.806262
7854	544	TTA	L	10733	10720	10448	0.974627	0.025373	0.187892
7857	545	TTG	L	10733	10719	10527	0.982088	0.017912	0.149561
7860	546	TCT	S	10733	10725	10387	0.968485	0.031515	0.276287
